ensembl_gene_id	entrezgene_id	external_gene_name
ENSMUSG00000001138	94218	Cnnm3
ENSMUSG00000001143	214895	Lman2l
ENSMUSG00000002459	58175	Rgs20
ENSMUSG00000002881	17936	Nab1
ENSMUSG00000003134	54610	Tbc1d8
ENSMUSG00000003135	52846	Cnot11
ENSMUSG00000004768	19335	Rab23
ENSMUSG00000005886	17978	Ncoa2
ENSMUSG00000008136	14200	Fhl2
ENSMUSG00000010290	98404	AI597479
ENSMUSG00000010453	226976	Kansl3
ENSMUSG00000016918	240725	Sulf1
ENSMUSG00000018417	17912	Myo1b
ENSMUSG00000025776	83691	Crispld1
ENSMUSG00000025777	14545	Gdap1
ENSMUSG00000025779	17087	Ly96
ENSMUSG00000025900	19888	Rp1
ENSMUSG00000025902	20671	Sox17
ENSMUSG00000025903	18777	Lypla1
ENSMUSG00000025907	12421	Rb1cc1
ENSMUSG00000025911	76187	Adhfe1
ENSMUSG00000025912	17864	Mybl1
ENSMUSG00000025915	170755	Sgk3
ENSMUSG00000025916	69312	Ppp1r42
ENSMUSG00000025917	26754	Cops5
ENSMUSG00000025920	29819	Stau2
ENSMUSG00000025921	98711	Rdh10
ENSMUSG00000025925	21749	Terf1
ENSMUSG00000025927	21419	Tfap2b
ENSMUSG00000025930	17681	Msc
ENSMUSG00000025931	74229	Paqr8
ENSMUSG00000025932	14048	Eya1
ENSMUSG00000025933	75712	Tmem14a
ENSMUSG00000025934	14859	Gsta3
ENSMUSG00000025935	72265	Tram1
ENSMUSG00000025937	212442	Lactb2
ENSMUSG00000025938	240726	Slco5a1
ENSMUSG00000025939	66799	Ube2w
ENSMUSG00000025940	70397	Tmem70
ENSMUSG00000025986	227059	Slc39a10
ENSMUSG00000025993	53945	Slc40a1
ENSMUSG00000025995	73674	Wdr75
ENSMUSG00000026042	12832	Col5a2
ENSMUSG00000026043	12825	Col3a1
ENSMUSG00000026047	72050	Kdelc1
ENSMUSG00000026048	22592	Ercc5
ENSMUSG00000026049	75623	Tex30
ENSMUSG00000026051	78896	1500015O10Rik
ENSMUSG00000026058	170771	Khdrbs2
ENSMUSG00000026062	226999	Slc9a2
ENSMUSG00000026064	19243	Ptp4a1
ENSMUSG00000026065	110895	Slc9a4
ENSMUSG00000026068	16174	Il18rap
ENSMUSG00000026069	17082	Il1rl1
ENSMUSG00000026070	16182	Il18r1
ENSMUSG00000026072	16177	Il1r1
ENSMUSG00000026073	16178	Il1r2
ENSMUSG00000026074	26921	Map4k4
ENSMUSG00000026077	18143	Npas2
ENSMUSG00000026078	68833	Pdcl3
ENSMUSG00000026080	98388	Chst10
ENSMUSG00000026082	56210	Rev1
ENSMUSG00000026083	226982	Eif5b
ENSMUSG00000026085	69541	Lyg1
ENSMUSG00000026087	107734	Mrpl30
ENSMUSG00000026088	69028	Mitd1
ENSMUSG00000026090	72097	2010300C02Rik
ENSMUSG00000026094	98267	Stk17b
ENSMUSG00000026095	70396	Asnsd1
ENSMUSG00000026096	72085	Osgepl1
ENSMUSG00000026097	227102	Ormdl1
ENSMUSG00000026098	227099	Pms1
ENSMUSG00000026102	16329	Inpp1
ENSMUSG00000026103	14660	Gls
ENSMUSG00000026104	20846	Stat1
ENSMUSG00000026107	109019	Nabp1
ENSMUSG00000026109	56363	Tmeff2
ENSMUSG00000026110	269181	Mgat4a
ENSMUSG00000026111	67387	Unc50
ENSMUSG00000026112	76178	Coa5
ENSMUSG00000026113	269180	Inpp4a
ENSMUSG00000026114	12790	Cnga3
ENSMUSG00000026116	56030	Tmem131
ENSMUSG00000026117	22637	Zap70
ENSMUSG00000026121	20353	Sema4c
ENSMUSG00000026123	226971	Plekhb2
ENSMUSG00000026125	21755	Prss39
ENSMUSG00000026126	19253	Ptpn18
ENSMUSG00000026127	27993	Imp4
ENSMUSG00000026131	13518	Dst
ENSMUSG00000026134	19076	Prim2
ENSMUSG00000026141	12823	Col19a1
ENSMUSG00000026147	12839	Col9a1
ENSMUSG00000026153	68187	Fam135a
ENSMUSG00000026154	68002	Sdhaf4
ENSMUSG00000026155	98366	Smap1
ENSMUSG00000026156	280645	B3gat2
ENSMUSG00000026158	70155	Ogfrl1
ENSMUSG00000028033	226922	Kcnq5
ENSMUSG00000032719	226866	Sbspon
ENSMUSG00000033793	108664	Atp6v1h
ENSMUSG00000033813	21399	Tcea1
ENSMUSG00000033845	27395	Mrpl15
ENSMUSG00000037138	16764	Aff3
ENSMUSG00000037216	623661	Lipt1
ENSMUSG00000037351	226977	Actr1b
ENSMUSG00000037408	94220	Cnnm4
ENSMUSG00000037432	100534273	Fer1l5
ENSMUSG00000037447	214855	Arid5a
ENSMUSG00000037470	320011	Uggt1
ENSMUSG00000037503	214469	Fam168b
ENSMUSG00000037509	226970	Arhgef4
ENSMUSG00000037529	21756	Prss40
ENSMUSG00000041144	227058	Dnah7b
ENSMUSG00000041426	227095	Hibch
ENSMUSG00000041439	98682	Mfsd6
ENSMUSG00000041670	116837	Rims1
ENSMUSG00000041684	246229	Bivm
ENSMUSG00000041722	433278	Khdc1c
ENSMUSG00000041763	22019	Tpp2
ENSMUSG00000041779	170829	Tram2
ENSMUSG00000041809	71877	Efhc1
ENSMUSG00000041859	17215	Mcm3
ENSMUSG00000041872	257630	Il17f
ENSMUSG00000041878	NA	8430432A02Rik
ENSMUSG00000041907	93690	Gpr45
ENSMUSG00000041945	211798	Mfsd9
ENSMUSG00000042111	69668	Ccdc115
ENSMUSG00000042182	320705	Bend6
ENSMUSG00000042197	98403	Zfp451
ENSMUSG00000042215	213539	Bag2
ENSMUSG00000042414	383491	Prdm14
ENSMUSG00000042501	329093	Cpa6
ENSMUSG00000042686	57339	Jph1
ENSMUSG00000042807	329152	Hecw2
ENSMUSG00000043015	227094	Nemp2
ENSMUSG00000043629	67080	1700019D03Rik
ENSMUSG00000043716	19989	Rpl7
ENSMUSG00000043760	241035	Pkhd1
ENSMUSG00000045210	70675	Vcpip1
ENSMUSG00000045216	50785	Hs6st1
ENSMUSG00000045954	20324	Cavin2
ENSMUSG00000046101	240697	Mcmdc2
ENSMUSG00000046337	381337	Fam178b
ENSMUSG00000047180	214854	Neurl3
ENSMUSG00000047343	433294	Mettl21c
ENSMUSG00000048234	67702	Rnf149
ENSMUSG00000048538	NA	Gm9826
ENSMUSG00000048814	381338	Lonrf2
ENSMUSG00000048874	213109	Phf3
ENSMUSG00000048960	109294	Prex2
ENSMUSG00000050122	70853	Vwa3b
ENSMUSG00000050967	263764	Creg2
ENSMUSG00000051285	319263	Pcmtd1
ENSMUSG00000051951	497097	Xkr4
ENSMUSG00000054493	NA	Gm9947
ENSMUSG00000056763	211660	Cspp1
ENSMUSG00000056870	70676	Gulp1
ENSMUSG00000057173	619289	Rfx8
ENSMUSG00000057363	67883	Uxs1
ENSMUSG00000057715	320492	A830018L16Rik
ENSMUSG00000058407	98258	Txndc9
ENSMUSG00000060679	69527	Mrps9
ENSMUSG00000060771	211484	Tsga10
ENSMUSG00000061024	59014	Rrs1
ENSMUSG00000061518	12859	Cox5b
ENSMUSG00000062588	NA	Gm6104
ENSMUSG00000062939	20849	Stat4
ENSMUSG00000064936	NA	Gm23722
ENSMUSG00000066693	NA	Gm7493
ENSMUSG00000066877	17974	Nck2
ENSMUSG00000067653	78321	Ankrd23
ENSMUSG00000067736	NA	Gm10222
ENSMUSG00000067780	94227	Pi15
ENSMUSG00000067795	75799	4930444P10Rik
ENSMUSG00000067813	381246	Xkr9
ENSMUSG00000067851	211673	Arfgef1
ENSMUSG00000067879	76982	Vxn
ENSMUSG00000070939	73122	Tgfbrap1
ENSMUSG00000070942	107527	Il1rl2
ENSMUSG00000070960	NA	Gm19680
ENSMUSG00000072324	NA	Gm8420
ENSMUSG00000073702	114641	Rpl31
ENSMUSG00000073725	68421	Lmbrd1
ENSMUSG00000073737	NA	Gm10566
ENSMUSG00000076135	NA	Gm24276
ENSMUSG00000077704	NA	Snord89
ENSMUSG00000078291	NA	Gm3940
ENSMUSG00000079588	381339	Tmem182
ENSMUSG00000079610	109346	Ankrd39
ENSMUSG00000079658	67923	Eloc
ENSMUSG00000079671	72481	2610203C22Rik
ENSMUSG00000080054	NA	Rpl12-ps1
ENSMUSG00000081185	NA	Gm4852
ENSMUSG00000081201	NA	Smt3h2-ps4
ENSMUSG00000081402	433287	Gm15455
ENSMUSG00000081441	NA	Gm6161
ENSMUSG00000082193	NA	Rpl5-ps1
ENSMUSG00000082935	NA	Gm7658
ENSMUSG00000084353	NA	Gm15452
ENSMUSG00000084817	NA	Gm5526
ENSMUSG00000085079	98582	Khdc1b
ENSMUSG00000085125	NA	Gm16070
ENSMUSG00000085894	NA	Gm15832
ENSMUSG00000086235	NA	Gm16284
ENSMUSG00000086240	NA	Gm7846
ENSMUSG00000087589	NA	D430040D24Rik
ENSMUSG00000088153	NA	Gm26348
ENSMUSG00000089767	NA	4930556I23Rik
ENSMUSG00000089877	NA	Gm16102
ENSMUSG00000089906	NA	Gm6428
ENSMUSG00000090031	654788	4732440D04Rik
ENSMUSG00000090142	NA	Gm15795
ENSMUSG00000090243	NA	Gm16103
ENSMUSG00000091020	NA	Gm5828
ENSMUSG00000091844	NA	Gm8251
ENSMUSG00000092083	98741	Kcnb2
ENSMUSG00000092563	NA	Gm3617
ENSMUSG00000093178	NA	Snord87
ENSMUSG00000094013	NA	Gm25829
ENSMUSG00000094497	NA	Gm8210
ENSMUSG00000096141	627872	Dnah7a
ENSMUSG00000096375	NA	Gm7094
ENSMUSG00000096992	NA	Gm26788
ENSMUSG00000097083	NA	D930019O06Rik
ENSMUSG00000097109	NA	Gm26580
ENSMUSG00000097268	NA	Gm26805
ENSMUSG00000097628	NA	Gm2383
ENSMUSG00000097711	433273	Gm5523
ENSMUSG00000097744	329101	D030040B21Rik
ENSMUSG00000097797	NA	Gm26901
ENSMUSG00000097833	NA	Gm5976
ENSMUSG00000097893	NA	1700034P13Rik
ENSMUSG00000097899	100047133	Gm16894
ENSMUSG00000097920	NA	Gm7784
ENSMUSG00000097934	77741	6720483E21Rik
ENSMUSG00000097970	NA	Gm27028
ENSMUSG00000098104	NA	Gm6085
ENSMUSG00000098234	NA	Snhg6
ENSMUSG00000098680	102465541	Mir6898
ENSMUSG00000099032	100039596	Tcf24
ENSMUSG00000099413	100045066	Gm17767
ENSMUSG00000099492	NA	Gm5525
ENSMUSG00000099997	NA	Tubb4b-ps2
ENSMUSG00000100007	NA	Gm5527
ENSMUSG00000100033	NA	Gm8337
ENSMUSG00000100053	102634738	Gm28154
ENSMUSG00000100120	NA	Gm553
ENSMUSG00000100131	NA	Gm28439
ENSMUSG00000100160	NA	Gm28527
ENSMUSG00000100204	NA	Gm4849
ENSMUSG00000100212	NA	Gm5522
ENSMUSG00000100213	NA	Gm28151
ENSMUSG00000100237	NA	Gm28644
ENSMUSG00000100261	NA	Gm6473
ENSMUSG00000100280	NA	Gm28417
ENSMUSG00000100480	NA	Gm29156
ENSMUSG00000100481	NA	Gm7114
ENSMUSG00000100635	NA	Gm29157
ENSMUSG00000100648	NA	Gm28659
ENSMUSG00000100701	NA	Gm19587
ENSMUSG00000100720	NA	Gm10075
ENSMUSG00000100764	NA	Gm29155
ENSMUSG00000100775	NA	Gm29107
ENSMUSG00000100819	NA	Gm2693
ENSMUSG00000100862	NA	Gm10925
ENSMUSG00000100910	NA	Gm29128
ENSMUSG00000101111	NA	Gm28437
ENSMUSG00000101223	NA	4930568A12Rik
ENSMUSG00000101249	NA	Gm29216
ENSMUSG00000101262	NA	Gm8326
ENSMUSG00000101337	100101919	Dnah7c
ENSMUSG00000101372	NA	Gm19028
ENSMUSG00000101462	NA	Gm3052
ENSMUSG00000101501	NA	Rps27a-ps1
ENSMUSG00000101589	NA	Rbm6-ps1
ENSMUSG00000101610	NA	Gm7560
ENSMUSG00000101628	NA	Gm28177
ENSMUSG00000101701	75066	4930521E06Rik
ENSMUSG00000101702	NA	1700072G22Rik
ENSMUSG00000101711	NA	Gm28306
ENSMUSG00000101741	NA	Gm28055
ENSMUSG00000101799	442821	9330175M20Rik
ENSMUSG00000101921	NA	Gm28825
ENSMUSG00000101939	NA	Gm28438
ENSMUSG00000102070	NA	Gm28661
ENSMUSG00000102135	NA	Gm37108
ENSMUSG00000102166	NA	Gm36947
ENSMUSG00000102202	NA	Gm33280
ENSMUSG00000102275	NA	Gm37144
ENSMUSG00000102279	NA	Gm37146
ENSMUSG00000102331	NA	Gm19938
ENSMUSG00000102336	NA	Gm37233
ENSMUSG00000102398	NA	Gm37580
ENSMUSG00000102416	NA	4933424G06Rik
ENSMUSG00000102434	NA	Gm38049
ENSMUSG00000102447	NA	Gm6621
ENSMUSG00000102457	NA	Gm38342
ENSMUSG00000102556	NA	Gm37569
ENSMUSG00000102650	NA	Gm19863
ENSMUSG00000102676	NA	Gm37435
ENSMUSG00000102714	NA	Gm37618
ENSMUSG00000102762	NA	4930403P22Rik
ENSMUSG00000102766	NA	Gm6420
ENSMUSG00000102982	NA	Gm38319
ENSMUSG00000102985	NA	4930456G14Rik
ENSMUSG00000103046	NA	Gm37309
ENSMUSG00000103071	NA	Gm38110
ENSMUSG00000103072	NA	Gm37905
ENSMUSG00000103182	NA	Gm37091
ENSMUSG00000103230	NA	Gm17970
ENSMUSG00000103280	NA	Gm37277
ENSMUSG00000103355	NA	Gm2147
ENSMUSG00000103364	NA	Gm38157
ENSMUSG00000103509	NA	Gm38372
ENSMUSG00000103630	NA	Gm37242
ENSMUSG00000103746	67503	1700001G17Rik
ENSMUSG00000103783	NA	Gm37522
ENSMUSG00000103804	NA	Gm37062
ENSMUSG00000103845	NA	Gm19026
ENSMUSG00000103922	NA	Gm6123
ENSMUSG00000103933	NA	Gm36964
ENSMUSG00000103945	NA	Gm38228
ENSMUSG00000103948	77633	4930594C11Rik
ENSMUSG00000104002	NA	Gm38336
ENSMUSG00000104237	NA	Gm33533
ENSMUSG00000104315	NA	Gm37906
ENSMUSG00000104316	NA	Gm37909
ENSMUSG00000104358	NA	Gm37127
ENSMUSG00000104379	NA	Gm37509
ENSMUSG00000104417	NA	Gm37068
ENSMUSG00000104498	NA	Gm37110
ENSMUSG00000109599	NA	Gm31812
ENSMUSG00000117310	19243	Ptp4a1
ENSMUSG00000004364	26554	Cul3
ENSMUSG00000006299	227290	Aamp
ENSMUSG00000006301	69660	Tmbim1
ENSMUSG00000006304	76709	Arpc2
ENSMUSG00000006538	16147	Ihh
ENSMUSG00000006542	241113	Prkag3
ENSMUSG00000006576	20536	Slc4a3
ENSMUSG00000012187	68393	Mogat1
ENSMUSG00000015222	17756	Map2
ENSMUSG00000025946	213527	Pth2r
ENSMUSG00000025949	18711	Pikfyve
ENSMUSG00000025950	15926	Idh1
ENSMUSG00000025956	67099	Mettl21a
ENSMUSG00000025958	12912	Creb1
ENSMUSG00000025959	93691	Klf7
ENSMUSG00000025961	74426	4933402D24Rik
ENSMUSG00000025962	75619	Fastkd2
ENSMUSG00000025963	76668	Mdh1b
ENSMUSG00000025964	23792	Adam23
ENSMUSG00000025967	55949	Eef1b2
ENSMUSG00000025968	227197	Ndufs1
ENSMUSG00000025969	18187	Nrp2
ENSMUSG00000025971	68115	Maip1
ENSMUSG00000025977	75388	Boll
ENSMUSG00000025978	74013	Rftn2
ENSMUSG00000025979	19070	Mob4
ENSMUSG00000025980	15510	Hspd1
ENSMUSG00000025981	67876	Coq10b
ENSMUSG00000025982	81898	Sf3b1
ENSMUSG00000025983	78016	Ccdc150
ENSMUSG00000025991	227231	Cps1
ENSMUSG00000025997	22779	Ikzf2
ENSMUSG00000026000	14768	Lancl1
ENSMUSG00000026003	11363	Acadl
ENSMUSG00000026004	68691	Kansl1l
ENSMUSG00000026005	66646	Rpe
ENSMUSG00000026009	54167	Icos
ENSMUSG00000026011	12477	Ctla4
ENSMUSG00000026012	12487	Cd28
ENSMUSG00000026014	77300	Raph1
ENSMUSG00000026017	241066	Carf
ENSMUSG00000026018	70375	Ica1l
ENSMUSG00000026019	57750	Wdr12
ENSMUSG00000026020	55989	Nop58
ENSMUSG00000026021	22218	Sumo1
ENSMUSG00000026023	271697	Cdk15
ENSMUSG00000026024	74018	Als2
ENSMUSG00000026027	227154	Stradb
ENSMUSG00000026028	70827	Trak2
ENSMUSG00000026029	12370	Casp8
ENSMUSG00000026031	12633	Cflar
ENSMUSG00000026032	66495	Ndufb3
ENSMUSG00000026034	12747	Clk1
ENSMUSG00000026035	70225	Ppil3
ENSMUSG00000026036	65102	Nif3l1
ENSMUSG00000026037	18393	Orc2
ENSMUSG00000026039	68549	Sgo2a
ENSMUSG00000026135	77264	Zfp142
ENSMUSG00000026142	76867	Rhbdd1
ENSMUSG00000026150	75734	Mff
ENSMUSG00000026159	15463	Agfg1
ENSMUSG00000026162	75570	Nhej1
ENSMUSG00000026166	20297	Ccl20
ENSMUSG00000026167	22409	Wnt10a
ENSMUSG00000026170	104086	Cyp27a1
ENSMUSG00000026171	57751	Rnf25
ENSMUSG00000026172	66821	Bcs1l
ENSMUSG00000026173	18802	Plcd4
ENSMUSG00000026174	58184	Cnot9
ENSMUSG00000026175	22349	Vil1
ENSMUSG00000026176	227292	Ctdsp1
ENSMUSG00000026177	18173	Slc11a1
ENSMUSG00000026179	56695	Pnkd
ENSMUSG00000026180	12765	Cxcr2
ENSMUSG00000026185	16011	Igfbp5
ENSMUSG00000026187	22596	Xrcc5
ENSMUSG00000026188	271711	Tmem169
ENSMUSG00000026189	111175	Pecr
ENSMUSG00000026192	108147	Atic
ENSMUSG00000026193	14268	Fn1
ENSMUSG00000026196	12021	Bard1
ENSMUSG00000026197	68818	Zfand2b
ENSMUSG00000026198	74104	Abcb6
ENSMUSG00000026199	52231	Ankzf1
ENSMUSG00000026200	74577	Glb1l
ENSMUSG00000026201	20872	Stk16
ENSMUSG00000026202	22145	Tuba4a
ENSMUSG00000026203	56812	Dnajb2
ENSMUSG00000026204	19275	Ptprn
ENSMUSG00000026205	22626	Slc23a3
ENSMUSG00000026207	11790	Speg
ENSMUSG00000026208	13346	Des
ENSMUSG00000026209	13437	Dnpep
ENSMUSG00000026211	98733	Obsl1
ENSMUSG00000026213	71728	Stk11ip
ENSMUSG00000026219	14897	Trip12
ENSMUSG00000026220	71781	Slc16a14
ENSMUSG00000026222	20684	Sp100
ENSMUSG00000026223	64294	Itm2c
ENSMUSG00000026224	NA	4933407L21Rik
ENSMUSG00000026226	70060	Spata3
ENSMUSG00000026227	72792	2810459M11Rik
ENSMUSG00000026228	15559	Htr2b
ENSMUSG00000026229	70247	Psmd1
ENSMUSG00000026234	17975	Ncl
ENSMUSG00000026235	13838	Epha4
ENSMUSG00000026238	19231	Ptma
ENSMUSG00000026239	18582	Pde6d
ENSMUSG00000026240	26895	Cops7b
ENSMUSG00000026241	18159	Nppc
ENSMUSG00000026245	23874	Farsb
ENSMUSG00000026248	69163	Mrpl44
ENSMUSG00000026249	20720	Serpine2
ENSMUSG00000026782	329165	Abi2
ENSMUSG00000027520	73884	Zdbf2
ENSMUSG00000032883	74205	Acsl3
ENSMUSG00000032908	433323	Sgpp2
ENSMUSG00000032968	16322	Inha
ENSMUSG00000032997	74241	Chpf
ENSMUSG00000033007	241118	Asic4
ENSMUSG00000033021	69080	Gmppa
ENSMUSG00000033124	245860	Atg9a
ENSMUSG00000033159	69171	Cnppd1
ENSMUSG00000033227	22420	Wnt6
ENSMUSG00000033257	67534	Ttll4
ENSMUSG00000033276	269209	Stk36
ENSMUSG00000033364	319651	Usp37
ENSMUSG00000036707	12283	Cab39
ENSMUSG00000038079	381259	Tmem237
ENSMUSG00000038174	213056	Fam126b
ENSMUSG00000038242	71872	Aox4
ENSMUSG00000038305	67198	Spats2l
ENSMUSG00000038323	73467	1700066M21Rik
ENSMUSG00000038331	212712	Satb2
ENSMUSG00000038349	227120	Plcl1
ENSMUSG00000038496	80721	Slc19a3
ENSMUSG00000038608	210293	Dock10
ENSMUSG00000039323	16008	Igfbp2
ENSMUSG00000039354	54380	Smarcal1
ENSMUSG00000039372	381270	March4
ENSMUSG00000039395	381269	Mreg
ENSMUSG00000040865	227195	Ino80d
ENSMUSG00000041040	72750	Fam117b
ENSMUSG00000041075	14369	Fzd7
ENSMUSG00000041303	98488	Gtf3c3
ENSMUSG00000044689	433315	Gm13749
ENSMUSG00000044816	98303	D630023F18Rik
ENSMUSG00000045005	14367	Fzd5
ENSMUSG00000045658	98496	Pid1
ENSMUSG00000046330	19981	Rpl37a
ENSMUSG00000046856	241070	Gpr1
ENSMUSG00000046994	212679	Mars2
ENSMUSG00000047330	57814	Kcne4
ENSMUSG00000047361	381260	Gm973
ENSMUSG00000047528	108812	Als2cr12
ENSMUSG00000048495	68736	Tyw5
ENSMUSG00000049339	227298	Retreg2
ENSMUSG00000049439	77951	Cyp20a1
ENSMUSG00000049608	227326	Gpr55
ENSMUSG00000050296	74591	Abca12
ENSMUSG00000051223	66882	Bzw1
ENSMUSG00000051344	241075	Plekhm3
ENSMUSG00000051703	319998	Tmem198
ENSMUSG00000052062	72823	Pard3b
ENSMUSG00000052331	329154	Ankrd44
ENSMUSG00000052477	620078	C130026I21Rik
ENSMUSG00000052760	319997	A630001G21Rik
ENSMUSG00000053161	71227	Daw1
ENSMUSG00000053333	208718	Dis3l2
ENSMUSG00000054702	252903	Ap1s3
ENSMUSG00000054770	51960	Kctd18
ENSMUSG00000055322	21961	Tns1
ENSMUSG00000055567	329178	Unc80
ENSMUSG00000055980	16367	Irs1
ENSMUSG00000059483	NA	Gm5528
ENSMUSG00000059647	NA	Cbx3-ps7
ENSMUSG00000061815	435626	Rufy4
ENSMUSG00000061816	17901	Myl1
ENSMUSG00000061852	NA	Gm7582
ENSMUSG00000061863	NA	Gm6822
ENSMUSG00000062209	13869	Erbb4
ENSMUSG00000062590	78795	Armc9
ENSMUSG00000063558	11761	Aox1
ENSMUSG00000064272	227289	Gpbar1
ENSMUSG00000064281	NA	Rpl19-ps1
ENSMUSG00000064294	71724	Aox3
ENSMUSG00000064602	NA	Snora41
ENSMUSG00000064612	NA	Gm26457
ENSMUSG00000065468	387219	Mir26b
ENSMUSG00000067106	NA	Gm5529
ENSMUSG00000067158	12829	Col4a4
ENSMUSG00000067336	12168	Bmpr2
ENSMUSG00000069085	241073	Dytn
ENSMUSG00000070031	434484	Sp140
ENSMUSG00000070034	109032	Sp110
ENSMUSG00000070871	227210	Ccnyl1
ENSMUSG00000072978	NA	Gm5830
ENSMUSG00000073627	NA	C130036L24Rik
ENSMUSG00000073633	66153	Fbxo36
ENSMUSG00000073643	69368	Wdfy1
ENSMUSG00000073650	241112	Catip
ENSMUSG00000073664	269198	Nbeal1
ENSMUSG00000073676	15528	Hspe1
ENSMUSG00000073678	241062	Pgap1
ENSMUSG00000077345	NA	Snord70
ENSMUSG00000079445	227327	B3gnt7
ENSMUSG00000079455	NA	Gm16026
ENSMUSG00000079457	665378	Gm7609
ENSMUSG00000079465	12828	Col4a3
ENSMUSG00000079470	195434	Utp14b
ENSMUSG00000079550	227157	Mpp4
ENSMUSG00000079554	213043	Aox2
ENSMUSG00000081382	NA	Rpl18-ps1
ENSMUSG00000081429	NA	Rps27-ps1
ENSMUSG00000081562	NA	Gm11575
ENSMUSG00000081643	NA	Gm11605
ENSMUSG00000082057	NA	Gm15789
ENSMUSG00000082160	NA	Gm11578
ENSMUSG00000082609	NA	Gm15464
ENSMUSG00000082745	NA	Gm15181
ENSMUSG00000082769	NA	Gm15793
ENSMUSG00000084333	NA	Gm11599
ENSMUSG00000084416	NA	Rpl10a-ps1
ENSMUSG00000084799	100380944	Ino80dos
ENSMUSG00000085054	NA	Gm15834
ENSMUSG00000085400	NA	Pard3bos3
ENSMUSG00000085812	NA	Gm15843
ENSMUSG00000085842	NA	Pard3bos1
ENSMUSG00000086721	NA	Gm13750
ENSMUSG00000086836	NA	Gm13748
ENSMUSG00000087008	NA	Gm5530
ENSMUSG00000087022	329160	9130024F11Rik
ENSMUSG00000087213	69941	2810408I11Rik
ENSMUSG00000087538	NA	Gm16341
ENSMUSG00000089093	NA	Snord11
ENSMUSG00000089420	NA	Gm27934
ENSMUSG00000089512	NA	Gm26287
ENSMUSG00000089652	NA	Gm16025
ENSMUSG00000089670	NA	Gm16581
ENSMUSG00000089714	NA	Gm16092
ENSMUSG00000089716	NA	Gm6264
ENSMUSG00000089822	NA	Gm15759
ENSMUSG00000089844	381287	A530032D15Rik
ENSMUSG00000089937	NA	Gm7281
ENSMUSG00000090071	12570	Cdk5r2
ENSMUSG00000090186	NA	Gm7592
ENSMUSG00000090246	NA	Gm17017
ENSMUSG00000090486	NA	BC035947
ENSMUSG00000091199	NA	Gm2619
ENSMUSG00000093155	NA	Gm25035
ENSMUSG00000094191	NA	Rpl31-ps14
ENSMUSG00000094245	NA	Gm23966
ENSMUSG00000094655	NA	Gm25360
ENSMUSG00000096094	381272	A630095N17Rik
ENSMUSG00000096292	NA	Gm2666
ENSMUSG00000096802	NA	Gm15433
ENSMUSG00000097131	320933	D230017M19Rik
ENSMUSG00000097519	75323	4930558J18Rik
ENSMUSG00000097564	NA	C430014B12Rik
ENSMUSG00000097573	NA	G730003C15Rik
ENSMUSG00000097649	NA	Gm10561
ENSMUSG00000097819	NA	Gm26813
ENSMUSG00000099342	NA	Gm18180
ENSMUSG00000099364	NA	5730419F03Rik
ENSMUSG00000099377	NA	Gm6159
ENSMUSG00000099472	NA	Gm29539
ENSMUSG00000099693	NA	Gm29284
ENSMUSG00000099719	101056017	Gm28802
ENSMUSG00000099767	NA	Gm28884
ENSMUSG00000099804	NA	Gm28497
ENSMUSG00000099877	NA	Pinc
ENSMUSG00000099922	NA	Gm29016
ENSMUSG00000099954	NA	Gm28112
ENSMUSG00000100215	NA	Gm8292
ENSMUSG00000100301	NA	6030407O03Rik
ENSMUSG00000100319	NA	Gm5256
ENSMUSG00000100426	NA	Gm4208
ENSMUSG00000100429	NA	Gm29186
ENSMUSG00000100444	NA	C530043A13Rik
ENSMUSG00000100750	NA	Gm29084
ENSMUSG00000100774	NA	Gm7329
ENSMUSG00000100815	NA	Gm29112
ENSMUSG00000100901	NA	Gm18829
ENSMUSG00000100944	NA	Gm28900
ENSMUSG00000101112	NA	Gm29185
ENSMUSG00000101122	NA	Gm17971
ENSMUSG00000101156	NA	Gm29114
ENSMUSG00000101188	NA	Eif4a-ps4
ENSMUSG00000101279	NA	Gm18342
ENSMUSG00000101324	NA	Gm29187
ENSMUSG00000101344	NA	Gm29183
ENSMUSG00000101400	NA	Gm29596
ENSMUSG00000101450	NA	Gm28941
ENSMUSG00000101496	NA	Gm8885
ENSMUSG00000101586	NA	Gm29017
ENSMUSG00000101599	NA	Gm20342
ENSMUSG00000101751	NA	Gm2427
ENSMUSG00000101784	NA	Gm7553
ENSMUSG00000101812	78718	D530049I02Rik
ENSMUSG00000101832	NA	Gm28982
ENSMUSG00000101840	NA	Gm28294
ENSMUSG00000101849	NA	Gm28386
ENSMUSG00000101968	69449	1700027A15Rik
ENSMUSG00000102059	100504501	Gm20257
ENSMUSG00000102145	NA	Gm38056
ENSMUSG00000102235	NA	Gm37886
ENSMUSG00000102374	NA	Gm38387
ENSMUSG00000102503	NA	Gm37370
ENSMUSG00000102559	NA	Gm37570
ENSMUSG00000102605	NA	Gm37264
ENSMUSG00000102719	NA	Gm37760
ENSMUSG00000102776	NA	Gm38162
ENSMUSG00000103013	NA	Gm37503
ENSMUSG00000103030	NA	E330011M16Rik
ENSMUSG00000103032	NA	Gm37121
ENSMUSG00000103076	NA	Gm37902
ENSMUSG00000103145	NA	Gm37744
ENSMUSG00000103227	NA	Gm37733
ENSMUSG00000103272	NA	Gm37914
ENSMUSG00000103375	NA	Gm37181
ENSMUSG00000103382	NA	Gm37755
ENSMUSG00000103403	NA	Gm37931
ENSMUSG00000103553	NA	Gm38218
ENSMUSG00000103756	NA	Gm37285
ENSMUSG00000103821	NA	D430013B06Rik
ENSMUSG00000103839	NA	Gm37607
ENSMUSG00000104018	NA	4833412K13Rik
ENSMUSG00000104121	NA	Gm37485
ENSMUSG00000104493	NA	Gm19552
ENSMUSG00000104502	NA	Gm37737
ENSMUSG00000104503	NA	Gm37738
ENSMUSG00000104627	102465895	Mir3535
ENSMUSG00000110712	NA	Gm39662
ENSMUSG00000113880	NA	A030005L19Rik
ENSMUSG00000001674	66942	Ddx18
ENSMUSG00000003721	72999	Insig2
ENSMUSG00000004451	64143	Ralb
ENSMUSG00000004552	13034	Ctse
ENSMUSG00000005501	227334	Usp40
ENSMUSG00000007805	13345	Twist2
ENSMUSG00000009772	74137	Nuak2
ENSMUSG00000009905	70750	Kdsr
ENSMUSG00000009907	20479	Vps4b
ENSMUSG00000010311	269120	Optc
ENSMUSG00000013275	98396	Slc41a1
ENSMUSG00000014602	16560	Kif1a
ENSMUSG00000016524	329244	Il19
ENSMUSG00000016526	226419	Dyrk3
ENSMUSG00000016528	17164	Mapkapk2
ENSMUSG00000016529	16153	Il10
ENSMUSG00000020423	12227	Btg2
ENSMUSG00000026247	13599	Ecel1
ENSMUSG00000026254	26987	Eif4e2
ENSMUSG00000026255	98363	Efhd1
ENSMUSG00000026258	73234	Snorc
ENSMUSG00000026259	53972	Ngef
ENSMUSG00000026260	67273	Ndufa10
ENSMUSG00000026269	108657	Rnpepl1
ENSMUSG00000026270	23830	Capn10
ENSMUSG00000026271	64095	Gpr35
ENSMUSG00000026272	11611	Agxt
ENSMUSG00000026273	69821	Mterf4
ENSMUSG00000026274	269224	Pask
ENSMUSG00000026275	66385	Ppp1r7
ENSMUSG00000026276	NA	Sept2
ENSMUSG00000026277	59041	Stk25
ENSMUSG00000026278	51800	Bok
ENSMUSG00000026279	67026	Thap4
ENSMUSG00000026280	66615	Atg4b
ENSMUSG00000026281	21915	Dtymk
ENSMUSG00000026283	66262	Ing5
ENSMUSG00000026288	16331	Inpp5d
ENSMUSG00000026289	77040	Atg16l1
ENSMUSG00000026301	74918	Iqca
ENSMUSG00000026303	171531	Mlph
ENSMUSG00000026304	19329	Rab17
ENSMUSG00000026305	16978	Lrrfip1
ENSMUSG00000026307	50880	Scly
ENSMUSG00000026308	70788	Klhl30
ENSMUSG00000026309	67444	Ilkap
ENSMUSG00000026311	65247	Asb1
ENSMUSG00000026313	208727	Hdac4
ENSMUSG00000026315	20725	Serpinb8
ENSMUSG00000026319	227446	Relch
ENSMUSG00000026321	21934	Tnfrsf11a
ENSMUSG00000026327	66957	Serpinb11
ENSMUSG00000026333	252876	Gin1
ENSMUSG00000026335	18484	Pam
ENSMUSG00000026339	70829	Ccdc93
ENSMUSG00000026341	74117	Actr3
ENSMUSG00000026342	74150	Slc35f5
ENSMUSG00000026343	71111	Gpr39
ENSMUSG00000026344	72585	Lypd1
ENSMUSG00000026347	72160	Tmem163
ENSMUSG00000026348	266645	Acmsd
ENSMUSG00000026349	72949	Ccnt2
ENSMUSG00000026353	67812	Ubxn4
ENSMUSG00000026354	226413	Lct
ENSMUSG00000026355	17219	Mcm6
ENSMUSG00000026356	226414	Dars
ENSMUSG00000026374	22099	Tsn
ENSMUSG00000026377	67949	Nifk
ENSMUSG00000026380	81879	Tfcp2l1
ENSMUSG00000026383	226352	Epb41l5
ENSMUSG00000026384	19258	Ptpn4
ENSMUSG00000026385	13167	Dbi
ENSMUSG00000026387	319229	Sctr
ENSMUSG00000026388	73103	3110009E18Rik
ENSMUSG00000026389	68428	Steap3
ENSMUSG00000026390	17167	Marco
ENSMUSG00000026399	13136	Cd55
ENSMUSG00000026401	13137	Cd55b
ENSMUSG00000026409	18640	Pfkfb2
ENSMUSG00000026415	64435	Fcamr
ENSMUSG00000026417	18703	Pigr
ENSMUSG00000026420	93672	Il24
ENSMUSG00000026425	14270	Srgap2
ENSMUSG00000026427	16865	Eif2d
ENSMUSG00000026430	54354	Rassf5
ENSMUSG00000026433	226422	Rab29
ENSMUSG00000026434	98415	Nucks1
ENSMUSG00000026435	212980	Slc45a3
ENSMUSG00000026436	13714	Elk4
ENSMUSG00000026437	18557	Cdk18
ENSMUSG00000026439	213464	Rbbp5
ENSMUSG00000026442	269116	Nfasc
ENSMUSG00000026443	16980	Lrrn2
ENSMUSG00000026447	240752	Pik3c2b
ENSMUSG00000026450	71884	Chit1
ENSMUSG00000026456	72017	Cyb5r1
ENSMUSG00000026457	72674	Adipor1
ENSMUSG00000026458	68507	Ppfia4
ENSMUSG00000026463	381290	Atp2b4
ENSMUSG00000034066	227377	Farp2
ENSMUSG00000034088	110611	Hdlbp
ENSMUSG00000034107	404545	Ano7
ENSMUSG00000034159	71874	Mab21l4
ENSMUSG00000034212	241158	Ankmy1
ENSMUSG00000034220	14733	Gpc1
ENSMUSG00000034292	74019	Traf3ip1
ENSMUSG00000034343	67921	Ube2f
ENSMUSG00000034353	51801	Ramp1
ENSMUSG00000034432	108679	Cops8
ENSMUSG00000034486	14472	Gbx2
ENSMUSG00000036086	226409	Zranb3
ENSMUSG00000036104	226407	Rab3gap1
ENSMUSG00000036155	107895	Mgat5
ENSMUSG00000036206	98402	Sh3bp4
ENSMUSG00000036480	69453	Prss56
ENSMUSG00000036500	11648	Akp3
ENSMUSG00000036815	269109	Dpp10
ENSMUSG00000036907	226359	C1ql2
ENSMUSG00000036962	226356	Cfap221
ENSMUSG00000036975	66343	Tmem177
ENSMUSG00000037035	16324	Inhbb
ENSMUSG00000038702	319901	Dsel
ENSMUSG00000038866	227449	Zcchc2
ENSMUSG00000040648	227399	Ppip5k2
ENSMUSG00000040693	227394	Slco4c1
ENSMUSG00000040710	20452	St8sia4
ENSMUSG00000041559	14264	Fmod
ENSMUSG00000041577	116847	Prelp
ENSMUSG00000041757	240753	Plekha6
ENSMUSG00000042046	213452	Dstyk
ENSMUSG00000042066	68875	Tmcc2
ENSMUSG00000042115	213417	Klhdc8a
ENSMUSG00000042251	212933	Pm20d1
ENSMUSG00000042268	320718	Slc26a9
ENSMUSG00000042305	57439	Tmem183a
ENSMUSG00000042349	56489	Ikbke
ENSMUSG00000042429	11539	Adora1
ENSMUSG00000042451	53311	Mybph
ENSMUSG00000042474	69169	Fcmr
ENSMUSG00000042510	212439	AA986860
ENSMUSG00000042581	210417	Thsd7b
ENSMUSG00000044055	260301	Otos
ENSMUSG00000044337	12778	Ackr3
ENSMUSG00000044340	98432	Phlpp1
ENSMUSG00000044757	NA	Gm6430
ENSMUSG00000044768	52392	D1Ertd622e
ENSMUSG00000044783	212427	Hjurp
ENSMUSG00000044783	381280	Hjurp
ENSMUSG00000045382	12767	Cxcr4
ENSMUSG00000046062	108954	Ppp1r15b
ENSMUSG00000046404	226418	Yod1
ENSMUSG00000047067	67446	Dusp28
ENSMUSG00000047216	227485	Cdh19
ENSMUSG00000047443	227358	Erfe
ENSMUSG00000047496	320311	Rnf152
ENSMUSG00000047793	208777	Sned1
ENSMUSG00000048000	227331	Gigyf2
ENSMUSG00000048126	12835	Col6a3
ENSMUSG00000048174	74626	Tmem81
ENSMUSG00000048402	14633	Gli2
ENSMUSG00000049515	227357	Espnl
ENSMUSG00000049690	210356	Nckap5
ENSMUSG00000049866	320982	Arl4c
ENSMUSG00000050777	170706	Tmem37
ENSMUSG00000051185	67698	Fam174a
ENSMUSG00000051590	22625	Map3k19
ENSMUSG00000051998	240754	Lax1
ENSMUSG00000052688	226421	Rab7b
ENSMUSG00000053024	21367	Cntn2
ENSMUSG00000054006	NA	D630008O14Rik
ENSMUSG00000054387	17248	Mdm4
ENSMUSG00000054545	94284	Ugt1a6a
ENSMUSG00000055013	347722	Agap1
ENSMUSG00000055184	108900	Fam72a
ENSMUSG00000055866	18627	Per2
ENSMUSG00000056055	20215	Sag
ENSMUSG00000056211	226412	R3hdm1
ENSMUSG00000056536	27392	Pign
ENSMUSG00000057329	12043	Bcl2
ENSMUSG00000058603	NA	Rpl28-ps1
ENSMUSG00000058665	13798	En1
ENSMUSG00000059149	213006	Mfsd4a
ENSMUSG00000059956	71869	Serpinb12
ENSMUSG00000062310	14659	Glrp1
ENSMUSG00000062345	18788	Serpinb2
ENSMUSG00000064246	12654	Chil1
ENSMUSG00000064302	76707	Clasp1
ENSMUSG00000067006	20724	Serpinb5
ENSMUSG00000067017	NA	Gm3608
ENSMUSG00000067028	241175	Cntnap5b
ENSMUSG00000067071	55927	Hes6
ENSMUSG00000070643	20668	Sox13
ENSMUSG00000070644	214253	Etnk2
ENSMUSG00000070645	19701	Ren1
ENSMUSG00000070645	19702	Ren1
ENSMUSG00000070732	329207	Rbm44
ENSMUSG00000070738	227333	Dgkd
ENSMUSG00000073559	NA	Gm8618
ENSMUSG00000073601	381286	Serpinb3c
ENSMUSG00000073608	619597	Gal3st2c
ENSMUSG00000073609	98314	D2hgdh
ENSMUSG00000073616	66915	Cops9
ENSMUSG00000079429	100040766	Mroh2a
ENSMUSG00000079434	23956	Neu2
ENSMUSG00000079436	100040591	Kcnj13
ENSMUSG00000081051	NA	Gm15427
ENSMUSG00000081488	NA	Gm15368
ENSMUSG00000081984	15504	Dnajb3
ENSMUSG00000082431	NA	Prdx2-ps1
ENSMUSG00000083064	NA	Gm7785
ENSMUSG00000084106	NA	Gm6136
ENSMUSG00000084189	NA	Gm8089
ENSMUSG00000084989	381284	Crocc2
ENSMUSG00000085526	NA	Gm16083
ENSMUSG00000086706	102640771	Gm15848
ENSMUSG00000086825	NA	Gm15675
ENSMUSG00000087210	NA	Gm15391
ENSMUSG00000087691	102640368	Gm15674
ENSMUSG00000087968	NA	Gm25395
ENSMUSG00000089281	100217415	Scarna6
ENSMUSG00000089648	NA	Gm15790
ENSMUSG00000089706	78603	B230216N24Rik
ENSMUSG00000089782	NA	Gm3531
ENSMUSG00000089791	NA	Gm3555
ENSMUSG00000089960	394436	Ugt1a1
ENSMUSG00000090124	394432	Ugt1a7c
ENSMUSG00000090145	394435	Ugt1a6b
ENSMUSG00000090208	NA	Gm15851
ENSMUSG00000090322	NA	Gm17090
ENSMUSG00000090489	NA	Gm17415
ENSMUSG00000090550	623503	Prlh
ENSMUSG00000090553	20643	Snrpe
ENSMUSG00000090994	NA	Gm6153
ENSMUSG00000091876	NA	Gm3851
ENSMUSG00000092572	241197	Serpinb10
ENSMUSG00000093805	100041596	Gal3st2b
ENSMUSG00000094122	NA	Rpl31-ps9
ENSMUSG00000094410	NA	Gm38394
ENSMUSG00000094651	381334	Gal3st2
ENSMUSG00000095841	NA	Gm8532
ENSMUSG00000095955	NA	Gm22360
ENSMUSG00000097014	NA	Gm26706
ENSMUSG00000097251	75995	5033417F24Rik
ENSMUSG00000097285	NA	Gm26683
ENSMUSG00000097482	100504568	Gm17634
ENSMUSG00000097612	NA	Gm26509
ENSMUSG00000097760	NA	6030442K20Rik
ENSMUSG00000097814	329217	Panct2
ENSMUSG00000098447	NA	Gm27184
ENSMUSG00000098923	226351	Tmem185b
ENSMUSG00000099375	NA	Gm28187
ENSMUSG00000099471	NA	Gm8451
ENSMUSG00000099556	NA	Gm28857
ENSMUSG00000099604	NA	Gm6651
ENSMUSG00000099624	NA	Gm7889
ENSMUSG00000099634	NA	Gm29462
ENSMUSG00000099760	NA	Gm28800
ENSMUSG00000099835	NA	Gm29668
ENSMUSG00000099843	635504	Gm7160
ENSMUSG00000099848	NA	Gm29337
ENSMUSG00000099860	NA	Gm29456
ENSMUSG00000100009	666182	Gm7967
ENSMUSG00000100018	NA	Gm7776
ENSMUSG00000100025	NA	Gm8141
ENSMUSG00000100078	NA	Gm6170
ENSMUSG00000100106	433347	Gm28856
ENSMUSG00000100151	NA	Gm28382
ENSMUSG00000100182	69030	1810006J02Rik
ENSMUSG00000100228	NA	Gm29257
ENSMUSG00000100347	NA	Gm7895
ENSMUSG00000100351	NA	Gm7867
ENSMUSG00000100362	NA	Gm1833
ENSMUSG00000100405	NA	Gm28911
ENSMUSG00000100454	NA	Gm28901
ENSMUSG00000100546	NA	Gm29483
ENSMUSG00000100632	100037260	9430060I03Rik
ENSMUSG00000100672	NA	Gm28404
ENSMUSG00000100794	NA	Gm29667
ENSMUSG00000100798	100503197	Gm19589
ENSMUSG00000100927	NA	Gm28536
ENSMUSG00000100987	NA	Gm1627
ENSMUSG00000101028	NA	Gm28723
ENSMUSG00000101054	NA	Gm18406
ENSMUSG00000101172	105246665	Gm28535
ENSMUSG00000101214	NA	Gm28403
ENSMUSG00000101219	NA	Gm20302
ENSMUSG00000101224	NA	Gm28209
ENSMUSG00000101265	NA	Gm29099
ENSMUSG00000101330	NA	Gm10193
ENSMUSG00000101437	NA	Gm29454
ENSMUSG00000101583	626049	Gm20753
ENSMUSG00000101625	NA	Gm29371
ENSMUSG00000101660	NA	Gm18666
ENSMUSG00000101662	NA	Gm28499
ENSMUSG00000101693	NA	Gm19461
ENSMUSG00000101729	NA	Gm17796
ENSMUSG00000101731	320069	3830432H09Rik
ENSMUSG00000101875	NA	Gm6028
ENSMUSG00000101904	NA	Gm29427
ENSMUSG00000101940	NA	Akp-ps1
ENSMUSG00000101942	100503175	Gm19582
ENSMUSG00000101951	NA	Gm28721
ENSMUSG00000101958	NA	Gm19085
ENSMUSG00000101995	NA	Gm29480
ENSMUSG00000102009	NA	4933400F21Rik
ENSMUSG00000102014	100502745	2900009J06Rik
ENSMUSG00000102030	NA	Gm29106
ENSMUSG00000102055	NA	Gm28913
ENSMUSG00000102083	NA	Gm5259
ENSMUSG00000102380	NA	Gm38140
ENSMUSG00000102425	NA	Gm26616
ENSMUSG00000102501	NA	Gm37372
ENSMUSG00000102700	NA	Gm38312
ENSMUSG00000102709	NA	Gm38308
ENSMUSG00000102745	NA	Gm37600
ENSMUSG00000102782	NA	Gm37625
ENSMUSG00000102856	NA	Gm37084
ENSMUSG00000102976	70579	Zc3h11a
ENSMUSG00000103061	NA	Gm36970
ENSMUSG00000103101	NA	Gm37048
ENSMUSG00000103146	NA	Gm37745
ENSMUSG00000103569	NA	Gm38067
ENSMUSG00000103854	NA	Gm37250
ENSMUSG00000103966	NA	Gm37120
ENSMUSG00000103973	NA	BC055308
ENSMUSG00000103984	NA	Gm37447
ENSMUSG00000104087	NA	Gm38277
ENSMUSG00000104164	NA	Gm38248
ENSMUSG00000104253	NA	Gm37174
ENSMUSG00000104378	NA	Gm37510
ENSMUSG00000104515	NA	Gm37163
ENSMUSG00000104519	NA	Gm37161
ENSMUSG00000107722	68204	2900060B14Rik
ENSMUSG00000118219	NA	AC124108.1
